{
  "manifest": {
    "publishingInformation": {
      "locales": {
        "en-US": {
          "summary": "Sample Short Description",
          "examplePhrases": [
            "Alexa open template fifty five",
            "Alexa start template fifty five",
            "Alexa launch template fifty five"
          ],
          "keywords": [],
          "name": "Template Fifty Five - Google Sheets Example",
          "description": "Sample Full Description",
          "smallIconUri": "file://assets/images/en-US_smallIconUri.png",
          "largeIconUri": "file://assets/images/en-US_largeIconUri.png"
        },
        "en-CA": {
          "summary": "Sample Short Description",
          "examplePhrases": [
            "Alexa open template fifty five",
            "Alexa start template fifty five",
            "Alexa launch template fifty five"
          ],
          "keywords": [],
          "name": "Template Fifty Five - Google Sheets Example",
          "description": "Sample Full Description",
          "smallIconUri": "file://assets/images/en-CA_smallIconUri.png",
          "largeIconUri": "file://assets/images/en-CA_largeIconUri.png"
        },
        "en-IN": {
          "summary": "Sample Short Description",
          "examplePhrases": [
            "Alexa open template fifty five",
            "Alexa start template fifty five",
            "Alexa launch template fifty five"
          ],
          "keywords": [],
          "name": "Template Fifty Five - Google Sheets Example",
          "description": "Sample Full Description",
          "smallIconUri": "file://assets/images/en-IN_smallIconUri.png",
          "largeIconUri": "file://assets/images/en-IN_largeIconUri.png"
        },
        "en-AU": {
          "summary": "Sample Short Description",
          "examplePhrases": [
            "Alexa open template fifty five",
            "Alexa start template fifty five",
            "Alexa launch template fifty five"
          ],
          "keywords": [],
          "name": "Template Fifty Five - Google Sheets Example",
          "description": "Sample Full Description",
          "smallIconUri": "file://assets/images/en-AU_smallIconUri.png",
          "largeIconUri": "file://assets/images/en-AU_largeIconUri.png"
        },
        "en-GB": {
          "summary": "Sample Short Description",
          "examplePhrases": [
            "Alexa open template fifty five",
            "Alexa start template fifty five",
            "Alexa launch template fifty five"
          ],
          "keywords": [],
          "name": "Template Fifty Five - Google Sheets Example",
          "description": "Sample Full Description",
          "smallIconUri": "file://assets/images/en-GB_smallIconUri.png",
          "largeIconUri": "file://assets/images/en-GB_largeIconUri.png"
        }
      },
      "automaticDistribution": {
        "isActive": false
      },
      "isAvailableWorldwide": true,
      "testingInstructions": "Sample Testing Instructions.",
      "category": "KNOWLEDGE_AND_TRIVIA",
      "distributionCountries": []
    },
    "apis": {
      "custom": {
        "endpoint": {
          "uri": "arn:aws:lambda:us-east-1:395001725986:function:4e898df0-9e48-41b1-a847-763dfbf9aaf7:Release_0"
        },
        "interfaces": [],
        "regions": {
          "EU": {
            "endpoint": {
              "uri": "arn:aws:lambda:eu-west-1:395001725986:function:4e898df0-9e48-41b1-a847-763dfbf9aaf7:Release_0"
            }
          },
          "NA": {
            "endpoint": {
              "uri": "arn:aws:lambda:us-east-1:395001725986:function:4e898df0-9e48-41b1-a847-763dfbf9aaf7:Release_0"
            }
          },
          "FE": {
            "endpoint": {
              "uri": "arn:aws:lambda:us-west-2:395001725986:function:4e898df0-9e48-41b1-a847-763dfbf9aaf7:Release_0"
            }
          }
        }
      }
    },
    "manifestVersion": "1.0",
    "privacyAndCompliance": {
      "locales": {
        "en-US": {},
        "en-CA": {},
        "en-IN": {},
        "en-AU": {},
        "en-GB": {}
      }
    }
  }
}